id,time,Location,Unit,Sub Unit,reporting_category,reporting_category_2,Class,Stage,Stone Family,book_value,stock_value,Devaluation
1,Jul-19,Jaipur,Sez Total,"SEZ(E1-E2,SEZ-II)",(C)Semi-Finished,Gemstone (WIP),Gemstone,Bagging Changing,Quartz,198712.87,22192.39665,176520.4733
2,Jul-19,Jaipur,Sez Total,"SEZ(E1-E2,SEZ-II)",(C)Semi-Finished,Gemstone (WIP),Gemstone,Gemstone Store,Beryl,33662.63,9538.140479,24124.48952
3,Jul-19,Jaipur,Sez Total,"SEZ(E1-E2,SEZ-II)",(C)Semi-Finished,Gemstone (WIP),Gemstone,Gemstone Store,Beryl,383.62,372.24,11.38
4,Jul-19,Jaipur,Sez Total,"SEZ(E1-E2,SEZ-II)",(C)Semi-Finished,Gemstone (WIP),Gemstone,Gemstone Store,Beryl,12746.81,9228.614241,3518.195759
5,Jul-19,Jaipur,Sez Total,"SEZ(E1-E2,SEZ-II)",(C)Semi-Finished,Gemstone (WIP),Gemstone,Gemstone Store,Beryl,1821.49,1821.491574,-0.001574
6,Jul-19,Jaipur,Sez Total,"SEZ(E1-E2,SEZ-II)",(C)Semi-Finished,Gemstone (WIP),Gemstone,Gemstone Store,Iolite,71.41,71.408437,0.001563
7,Jul-19,Jaipur,Sez Total,"SEZ(E1-E2,SEZ-II)",(C)Semi-Finished,Gemstone (WIP),Gemstone,Gemstone Store,Zosite ,6210.37,5978.240663,232.1293365
8,Jul-19,Jaipur,Sez Total,"SEZ(E1-E2,SEZ-II)",(C)Semi-Finished,Gemstone (WIP),Gemstone,Bagging,Zosite ,15930.83,12055.48111,3875.348891
9,Jul-19,Jaipur,Sez Total,"SEZ(E1-E2,SEZ-II)",(C)Semi-Finished,Gemstone (WIP),Gemstone,Gemstone Store,Zosite ,83750.38,65040.51729,18709.86271
10,Jul-19,Jaipur,Sez Total,"SEZ(E1-E2,SEZ-II)",(C)Semi-Finished,Gemstone (WIP),Gemstone,Bagging Production Return,Zosite ,313.83,313.83292,-0.00292
11,Jul-19,Jaipur,Sez Total,"SEZ(E1-E2,SEZ-II)",(C)Semi-Finished,Gemstone (WIP),Gemstone,Bagging Changing,Zosite ,3307.19,2660.787639,646.4023611
12,Jul-19,Jaipur,Sez Total,"SEZ(E1-E2,SEZ-II)",(C)Semi-Finished,Gemstone (WIP),Gemstone,Bagging Changing,Zosite ,11057.75,10155.49218,902.2578224
13,Jul-19,Jaipur,Sez Total,"SEZ(E1-E2,SEZ-II)",(C)Semi-Finished,Gemstone (WIP),Gemstone,Gemstone Store,Zosite ,1457.79,1457.78944,0.00056
14,Jul-19,Jaipur,Sez Total,"SEZ(E1-E2,SEZ-II)",(C)Semi-Finished,Gemstone (WIP),Gemstone,Bagging Changing,Zosite ,21517.9,21517.89794,0.002064
15,Jul-19,Jaipur,Sez Total,"SEZ(E1-E2,SEZ-II)",(C)Semi-Finished,Gemstone (WIP),Gemstone,Gemstone Store,Zosite ,60528.08,60528.0773,0.002702
16,Jul-19,Jaipur,Sez Total,"SEZ(E1-E2,SEZ-II)",(C)Semi-Finished,Gemstone (WIP),Gemstone,Gemstone Store,Zosite ,1092.25,1092.247936,0.002064
17,Jul-19,Jaipur,Sez Total,"SEZ(E1-E2,SEZ-II)",(C)Semi-Finished,Gemstone (WIP),Gemstone,Gemstone Store,Zosite ,55923.73,55923.73164,-0.00164
18,Jul-19,Jaipur,Sez Total,"SEZ(E1-E2,SEZ-II)",(C)Semi-Finished,Gemstone (WIP),Gemstone,Bagging Changing,Zosite ,7439.81,7439.809176,0.000824
19,Jul-19,Jaipur,Sez Total,"SEZ(E1-E2,SEZ-II)",(C)Semi-Finished,Gemstone (WIP),Gemstone,Sample Stone Store,Zosite ,64.34,64.344924,-0.004924
20,Jul-19,Jaipur,Sez Total,"SEZ(E1-E2,SEZ-II)",(C)Semi-Finished,Gemstone (WIP),Gemstone,Gemstone Store,Zosite ,785.43,785.429932,6.80E-05
21,Jul-19,Jaipur,Sez Total,"SEZ(E1-E2,SEZ-II)",(C)Semi-Finished,Gemstone (WIP),Gemstone,Gemstone Store,Zosite ,11635.21,3591.87045,8043.33955
22,Jul-19,Jaipur,Sez Total,"SEZ(E1-E2,SEZ-II)",(C)Semi-Finished,Gemstone (WIP),Gemstone,Bagging Changing,Chrysoberyl,4895.8,4895.7975,0.0025
23,Jul-19,Jaipur,Sez Total,"SEZ(E1-E2,SEZ-II)",(C)Semi-Finished,Gemstone (WIP),Gemstone,Gemstone Store,Zosite ,82.91,82.909939,6.10E-05
24,Jul-19,Jaipur,Sez Total,"SEZ(E1-E2,SEZ-II)",(C)Semi-Finished,Gemstone (WIP),Gemstone,Sample Stone Store,Beryl,1935.99,60.02069725,1875.969303
25,Jul-19,Jaipur,Sez Total,"SEZ(E1-E2,SEZ-II)",(C)Semi-Finished,Gemstone (WIP),Gemstone,Bagging Changing,Beryl,13338.9,2018.535092,11320.36491
26,Jul-19,Jaipur,Sez Total,"SEZ(E1-E2,SEZ-II)",(C)Semi-Finished,Gemstone (WIP),Gemstone,Gemstone Store,Zosite ,5325.56,4962.610285,362.9497146
27,Jul-19,Jaipur,Sez Total,"SEZ(E1-E2,SEZ-II)",(C)Semi-Finished,Gemstone (WIP),Gemstone,Sample Stone Store,Zosite ,220.99,220.985765,0.004235
28,Aug-19,Jaipur,Sez Total,"SEZ(E1-E2,SEZ-II)",(C)Semi-Finished,Gemstone (WIP),Gemstone,Gemstone Store,Zosite ,835.89,835.8896,0.0004
29,Aug-19,Jaipur,Sez Total,"SEZ(E1-E2,SEZ-II)",(C)Semi-Finished,Gemstone (WIP),Gemstone,Gemstone Store,Zosite ,817.7,817.699968,3.20E-05
30,Aug-19,Jaipur,Sez Total,"SEZ(E1-E2,SEZ-II)",(C)Semi-Finished,Gemstone (WIP),Gemstone,Sample Stone Store,Topaz,3487.6,342.982805,3144.617195
31,Aug-19,Jaipur,Sez Total,"SEZ(E1-E2,SEZ-II)",(C)Semi-Finished,Gemstone (WIP),Gemstone,Bagging Changing,Topaz,66773.28,9007.172119,57766.10788
32,Aug-19,Jaipur,Sez Total,"SEZ(E1-E2,SEZ-II)",(C)Semi-Finished,Gemstone (WIP),Gemstone,Bagging Production Return,Zosite ,1135.23,1135.230096,-9.60E-05
33,Aug-19,Jaipur,Sez Total,"SEZ(E1-E2,SEZ-II)",(C)Semi-Finished,Gemstone (WIP),Gemstone,Sample Stone Store,Quartz,945.58,53.36292428,892.2170757
34,Aug-19,Jaipur,Sez Total,"SEZ(E1-E2,SEZ-II)",(C)Semi-Finished,Gemstone (WIP),Gemstone,Bagging Changing,Quartz,60251.87,11557.67059,48694.19941
35,Aug-19,Jaipur,Sez Total,"SEZ(E1-E2,SEZ-II)",(C)Semi-Finished,Gemstone (WIP),Gemstone,Gemstone Store,Beryl,1969.33,159.0266773,1810.303323
36,Aug-19,Jaipur,Sez Total,"SEZ(E1-E2,SEZ-II)",(C)Semi-Finished,Gemstone (WIP),Gemstone,Bagging Changing,Beryl,59941.84,36674.24716,23267.59284
37,Aug-19,Jaipur,Sez Total,"SEZ(E1-E2,SEZ-II)",(C)Semi-Finished,Gemstone (WIP),Gemstone,Bagging Changing,Opal,113347.57,26694.5497,86653.0203
38,Aug-19,Jaipur,Sez Total,"SEZ(E1-E2,SEZ-II)",(C)Semi-Finished,Gemstone (WIP),Gemstone,Gemstone Store,Zosite ,596.4,596.4,0
39,Jul-19,Jaipur,Sez Total,"SEZ(E1-E2,SEZ-II)",(C)Semi-Finished,Gemstone (WIP),Gemstone,Gemstone Store,Zosite ,7965.82,7965.820798,-0.000798
40,Jul-19,Jaipur,Sez Total,"SEZ(E1-E2,SEZ-II)",(C)Semi-Finished,Gemstone (WIP),Gemstone,Bagging Changing,Quartz,0.69,0.69258,-0.00258
41,Jul-19,Jaipur,Sez Total,"SEZ(E1-E2,SEZ-II)",(C)Semi-Finished,Gemstone (WIP),Gemstone,Gemstone Store,Zosite ,13589.77,13589.772,-0.002
42,Jul-19,Jaipur,Sez Total,"SEZ(E1-E2,SEZ-II)",(C)Semi-Finished,Gemstone (WIP),Gemstone,Bagging Changing,Feldspar,5958.97,5958.9702,-0.0002
43,Jul-19,Jaipur,Sez Total,"SEZ(E1-E2,SEZ-II)",(C)Semi-Finished,Gemstone (WIP),Gemstone,Gemstone Store,Zosite ,86241.6,75303.14126,10938.45874
44,Jul-19,Jaipur,Sez Total,"SEZ(E1-E2,SEZ-II)",(C)Semi-Finished,Gemstone (WIP),Gemstone,Bagging Changing,Garnet,6230.1,6230.097,0.003
45,Jul-19,Jaipur,Sez Total,"SEZ(E1-E2,SEZ-II)",(C)Semi-Finished,Gemstone (WIP),Gemstone,Sample Stone Store,Iolite,1747.16,152.5626518,1594.597348
46,Jul-19,Jaipur,Sez Total,"SEZ(E1-E2,SEZ-II)",(C)Semi-Finished,Gemstone (WIP),Gemstone,Bagging Changing,Iolite,49347.12,17674.30493,31672.81507
47,Jul-19,Jaipur,Sez Total,"SEZ(E1-E2,SEZ-II)",(C)Semi-Finished,Gemstone (WIP),Gemstone,Sample Stone Store,Spodumen,3626.24,3538.39,87.85
48,Jul-19,Jaipur,Sez Total,"SEZ(E1-E2,SEZ-II)",(C)Semi-Finished,Gemstone (WIP),Gemstone,Gemstone Store,Zosite ,137175.31,101480.0965,35695.21348
49,Jul-19,Jaipur,Sez Total,"SEZ(E1-E2,SEZ-II)",(C)Semi-Finished,Gemstone (WIP),Gemstone,Bagging Changing,Lapis Lazuli,48591.05,12577.664,36013.386
50,Jul-19,Jaipur,Sez Total,"SEZ(E1-E2,SEZ-II)",(C)Semi-Finished,Gemstone (WIP),Gemstone,Sample Stone Store,Lapis Lazuli,5049.65,919.424,4130.226
51,Jul-19,Jaipur,Sez Total,"SEZ(E1-E2,SEZ-II)",(C)Semi-Finished,Gemstone (WIP),Gemstone,Bagging Changing,Tourmaline,43231.13,513.8,42717.33
52,Jul-19,Jaipur,Sez Total,"SEZ(E1-E2,SEZ-II)",(C)Semi-Finished,Gemstone (WIP),Gemstone,Bagging Changing,Olivine ,27864.25,5154.703676,22709.54632
53,Jul-19,Jaipur,Sez Total,"SEZ(E1-E2,SEZ-II)",(C)Semi-Finished,Gemstone (WIP),Gemstone,Sample Stone Store,Olivine ,2527.64,80.53917369,2447.100826
54,Jul-19,Jaipur,Sez Total,"SEZ(E1-E2,SEZ-II)",(C)Semi-Finished,Gemstone (WIP),Gemstone,Bagging Changing,Tourmaline,20712.12,28.32,20683.8
55,Jul-19,Jaipur,Sez Total,"SEZ(E1-E2,SEZ-II)",(C)Semi-Finished,Gemstone (WIP),Gemstone,Bagging Changing,Garnet,77553.98,77553.97886,0.00114
56,Jul-19,Jaipur,Sez Total,"SEZ(E1-E2,SEZ-II)",(C)Semi-Finished,Gemstone (WIP),Gemstone,Sample Stone Store,Garnet,1108.46,1108.45805,0.00195
57,Jul-19,Jaipur,Sez Total,"SEZ(E1-E2,SEZ-II)",(C)Semi-Finished,Gemstone (WIP),Gemstone,Sample Stone Store,Garnet,426.96,118.0388842,308.9211158
58,Jul-19,Jaipur,Sez Total,"SEZ(E1-E2,SEZ-II)",(C)Semi-Finished,Gemstone (WIP),Gemstone,Bagging Changing,Garnet,119591.21,19093.77978,100497.4302
59,Jul-19,Jaipur,Sez Total,"SEZ(E1-E2,SEZ-II)",(C)Semi-Finished,Gemstone (WIP),Gemstone,Sample Stone Store,Tourmaline,4857.6,174.5701247,4683.029875
60,Jun-19,Jaipur,Sez Total,"SEZ(E1-E2,SEZ-II)",(C)Semi-Finished,Gemstone (WIP),Gemstone,Bagging Changing,Spheen ,4034.94,4034.94,-4.55E-13
61,Jun-19,Jaipur,Sez Total,"SEZ(E1-E2,SEZ-II)",(C)Semi-Finished,Gemstone (WIP),Gemstone,Sample Stone Store,Zosite ,140.1,140.1,0
62,Jun-19,Jaipur,Sez Total,"SEZ(E1-E2,SEZ-II)",(C)Semi-Finished,Gemstone (WIP),Gemstone,Bagging Changing,Zosite ,109105.97,109105.9687,0.0013
63,Jun-19,Jaipur,Sez Total,"SEZ(E1-E2,SEZ-II)",(C)Semi-Finished,Gemstone (WIP),Gemstone,Bagging Changing,Garnet,36170.67,36170.67,0
64,Jun-19,Jaipur,Sez Total,"SEZ(E1-E2,SEZ-II)",(C)Semi-Finished,Gemstone (WIP),Gemstone,Bagging Changing,Feldspar,2.23,2.232,-0.002
65,Jun-19,Jaipur,Sez Total,"SEZ(E1-E2,SEZ-II)",(C)Semi-Finished,Gemstone (WIP),Gemstone,Bagging Changing,Topaz,314266.34,21395.00126,292871.3387
66,Jun-19,Jaipur,Sez Total,"SEZ(E1-E2,SEZ-II)",(C)Semi-Finished,Gemstone (WIP),Gemstone,Sample Stone Store,Zosite ,147.28,147.280016,-1.60E-05
67,Jun-19,Jaipur,Sez Total,"SEZ(E1-E2,SEZ-II)",(C)Semi-Finished,Gemstone (WIP),Gemstone,Gemstone Store,Zosite ,10429.47,10429.4688,0.0012
68,Jul-19,Jaipur,Sez Total,"SEZ(E1-E2,SEZ-II)",(C)Semi-Finished,Gemstone (WIP),Gemstone,Bagging,Zosite ,13302.42,13302.42048,-0.00048
69,Jul-19,Jaipur,Sez Total,"SEZ(E1-E2,SEZ-II)",(C)Semi-Finished,Gemstone (WIP),Gemstone,Gemstone Store,Zosite ,605.59,605.59002,-2.00E-05
70,Jul-19,Jaipur,Sez Total,"SEZ(E1-E2,SEZ-II)",(C)Semi-Finished,Gemstone (WIP),Gemstone,Gemstone Store,Zosite ,69645.78,69645.77927,0.00073
71,Jul-19,Jaipur,Sez Total,"SEZ(E1-E2,SEZ-II)",(C)Semi-Finished,Gemstone (WIP),Gemstone,Bagging,Zosite ,151714.1,151714.1035,-0.003506
72,Jul-19,Jaipur,Sez Total,"SEZ(E1-E2,SEZ-II)",(C)Semi-Finished,Gemstone (WIP),Gemstone,Gemstone Store,Zosite ,1954.13,1954.127987,0.002013
73,Jul-19,Jaipur,Sez Total,"SEZ(E1-E2,SEZ-II)",(C)Semi-Finished,Gemstone (WIP),Gemstone,Gemstone Store,Zosite ,60128.12,60128.12252,-0.002516
74,Jul-19,Jaipur,Sez Total,"SEZ(E1-E2,SEZ-II)",(C)Semi-Finished,Gemstone (WIP),Gemstone,Bagging Production Return,Zosite ,304.8,304.799982,1.80E-05
75,Jul-19,Jaipur,Sez Total,"SEZ(E1-E2,SEZ-II)",(C)Semi-Finished,Gemstone (WIP),Gemstone,Sample Stone Store,Zosite ,190.32,190.323168,-0.003168
76,Jul-19,Jaipur,Sez Total,"SEZ(E1-E2,SEZ-II)",(C)Semi-Finished,Gemstone (WIP),Gemstone,Gemstone Store,Zosite ,656.5,656.502624,-0.002624
77,Jul-19,Jaipur,Sez Total,"SEZ(E1-E2,SEZ-II)",(C)Semi-Finished,Gemstone (WIP),Gemstone,Gemstone Store,Zosite ,57813.7,56994.75332,818.9466824
78,Jul-19,Jaipur,Sez Total,"SEZ(E1-E2,SEZ-II)",(C)Semi-Finished,Gemstone (WIP),Gemstone,Gemstone Store,Zosite ,267.91,267.90998,2.00E-05
79,Jul-19,Jaipur,Sez Total,"SEZ(E1-E2,SEZ-II)",(C)Semi-Finished,Gemstone (WIP),Gemstone,Gemstone Store,Zosite ,24727.87,24727.87334,-0.003344
80,Jul-19,Jaipur,Sez Total,"SEZ(E1-E2,SEZ-II)",(C)Semi-Finished,Gemstone (WIP),Gemstone,Gemstone Store,Zosite ,38799.44,20476.16319,18323.27681
81,Jul-19,Jaipur,Sez Total,"SEZ(E1-E2,SEZ-II)",(C)Semi-Finished,Gemstone (WIP),Gemstone,Gemstone Store,Zosite ,122.5,56.071,66.429
82,Jul-19,Jaipur,Sez Total,"SEZ(E1-E2,SEZ-II)",(C)Semi-Finished,Gemstone (WIP),Gemstone,Bagging,Zosite ,1623.82,1510.135595,113.6844054
83,Jul-19,Jaipur,Sez Total,"SEZ(E1-E2,SEZ-II)",(C)Semi-Finished,Gemstone (WIP),Gemstone,Gemstone Store,Zosite ,11775.31,11635.99216,139.3178399
84,Jul-19,Jaipur,Sez Total,"SEZ(E1-E2,SEZ-II)",(C)Semi-Finished,Gemstone (WIP),Gemstone,Bagging Changing,Zosite ,980.79,980.785098,0.004902
85,Jul-19,Jaipur,Sez Total,"SEZ(E1-E2,SEZ-II)",(C)Semi-Finished,Gemstone (WIP),Gemstone,Gemstone Store,Zosite ,82276.09,82276.09297,-0.002969
86,Jul-19,Jaipur,Sez Total,"SEZ(E1-E2,SEZ-II)",(C)Semi-Finished,Gemstone (WIP),Gemstone,Gemstone Store,Zosite ,6810.54,3572.480908,3238.059092
87,Jul-19,Jaipur,Sez Total,"SEZ(E1-E2,SEZ-II)",(C)Semi-Finished,Gemstone (WIP),Gemstone,Gemstone Store,Zosite ,13993.19,13993.18918,0.000817
88,Jul-19,Jaipur,Sez Total,"SEZ(E1-E2,SEZ-II)",(C)Semi-Finished,Gemstone (WIP),Gemstone,Gemstone Store,Zosite ,233.86,233.86,0
89,Jul-19,Jaipur,Sez Total,"SEZ(E1-E2,SEZ-II)",(C)Semi-Finished,Gemstone (WIP),Gemstone,Gemstone Store,Zosite ,99039.81,95377.00577,3662.804227
90,Jul-19,Jaipur,Sez Total,"SEZ(E1-E2,SEZ-II)",(C)Semi-Finished,Gemstone (WIP),Gemstone,Sample Stone Store,Zosite ,876.1,876.0962,0.0038
91,Jul-19,Jaipur,Sez Total,"SEZ(E1-E2,SEZ-II)",(C)Semi-Finished,Gemstone (WIP),Gemstone,Bagging,Zosite ,4367.88,4357.294206,10.58579413
92,Jul-19,Jaipur,Sez Total,"SEZ(E1-E2,SEZ-II)",(C)Semi-Finished,Gemstone (WIP),Gemstone,Bagging Changing,Zosite ,1871.95,1867.411803,4.538197485
93,Jul-19,Jaipur,Sez Total,"SEZ(E1-E2,SEZ-II)",(C)Semi-Finished,Gemstone (WIP),Gemstone,Gemstone Store,Zosite ,60834.03,44897.11524,15936.91476
94,Jul-19,Jaipur,Sez Total,"SEZ(E1-E2,SEZ-II)",(C)Semi-Finished,Gemstone (WIP),Gemstone,Gemstone Store,Zosite ,11821.8,11821.8,-1.82E-12
95,Jul-19,Jaipur,Sez Total,"SEZ(E1-E2,SEZ-II)",(C)Semi-Finished,Gemstone (WIP),Gemstone,Gemstone Store,Zosite ,4835.34,1583.691328,3251.648672
96,Jul-19,Jaipur,Sez Total,"SEZ(E1-E2,SEZ-II)",(C)Semi-Finished,Gemstone (WIP),Gemstone,Gemstone Store,Zosite ,302646.96,302646.9604,-0.000369
97,Jul-19,Jaipur,Sez Total,"SEZ(E1-E2,SEZ-II)",(C)Semi-Finished,Gemstone (WIP),Gemstone,Bagging Changing,Zosite ,8397.5,8397.501,-0.001
98,Jul-19,Jaipur,Sez Total,"SEZ(E1-E2,SEZ-II)",(C)Semi-Finished,Gemstone (WIP),Gemstone,Bagging,Zosite ,7406.64,7406.635537,0.004463
99,Jul-19,Jaipur,Sez Total,"SEZ(E1-E2,SEZ-II)",(C)Semi-Finished,Gemstone (WIP),Gemstone,Sample Stone Store,Zosite ,2216.91,2216.909228,0.000772
100,Jul-19,Jaipur,Sez Total,"SEZ(E1-E2,SEZ-II)",(C)Semi-Finished,Gemstone (WIP),Gemstone,Bagging,Zosite ,12553.19,10251.02645,2302.163547
101,Jul-19,Jaipur,Sez Total,"SEZ(E1-E2,SEZ-II)",(C)Semi-Finished,Gemstone (WIP),Gemstone,Gemstone Store,Zosite ,288842.52,245512.0836,43330.43644
102,Jul-19,Jaipur,Sez Total,"SEZ(E1-E2,SEZ-II)",(C)Semi-Finished,Gemstone (WIP),Gemstone,Gemstone Store,Zosite ,43444.83,43444.82776,0.002242
103,Jul-19,Jaipur,Sez Total,"SEZ(E1-E2,SEZ-II)",(C)Semi-Finished,Gemstone (WIP),Gemstone,Gemstone Store,Zosite ,22256.15,22256.15014,-0.000142
104,Jul-19,Jaipur,Sez Total,"SEZ(E1-E2,SEZ-II)",(C)Semi-Finished,Gemstone (WIP),Gemstone,Bagging Changing,Others,219395.02,158435.7352,60959.28476
105,Jul-19,Jaipur,Sez Total,"SEZ(E1-E2,SEZ-II)",(C)Semi-Finished,Gemstone (WIP),Gemstone,Gemstone Store,Zosite ,20172.57,2066.4775,18106.0925
106,Jul-19,Jaipur,Sez Total,"SEZ(E1-E2,SEZ-II)",(C)Semi-Finished,Gemstone (WIP),Gemstone,Bagging Changing,Topaz,967.03,967.0304,-0.0004
107,Jul-19,Jaipur,Sez Total,"SEZ(E1-E2,SEZ-II)",(C)Semi-Finished,Gemstone (WIP),Gemstone,Bagging Changing,Others,89609.86,1710.312788,87899.54721
108,Jul-19,Jaipur,Sez Total,"SEZ(E1-E2,SEZ-II)",(C)Semi-Finished,Gemstone (WIP),Gemstone,Sample Stone Store,Others,3504.81,58.29100438,3446.518996
109,Jul-19,Jaipur,Sez Total,"SEZ(E1-E2,SEZ-II)",(C)Semi-Finished,Gemstone (WIP),Gemstone,Bagging Changing,Zosite ,3127.17,3127.16519,0.00481
110,Jul-19,Jaipur,Sez Total,"SEZ(E1-E2,SEZ-II)",(C)Semi-Finished,Gemstone (WIP),Gemstone,Gemstone Store,Zosite ,29796.98,29796.98021,-0.000208
111,Jul-19,Jaipur,Sez Total,"SEZ(E1-E2,SEZ-II)",(C)Semi-Finished,Gemstone (WIP),Gemstone,Gemstone Store,Zosite ,19680.78,14659.25412,5021.525884
112,Jul-19,Jaipur,Sez Total,"SEZ(E1-E2,SEZ-II)",(C)Semi-Finished,Gemstone (WIP),Gemstone,Gemstone Store,Zosite ,708.9,708.903794,-0.003794
113,Jul-19,Jaipur,Sez Total,"SEZ(E1-E2,SEZ-II)",(C)Semi-Finished,Gemstone (WIP),Gemstone,Bagging,Zosite ,106467.18,74236.73016,32230.44984
114,Jul-19,Jaipur,Sez Total,"SEZ(E1-E2,SEZ-II)",(C)Semi-Finished,Gemstone (WIP),Gemstone,Gemstone Store,Zosite ,30846.29,30846.2888,0.001196
115,Jul-19,Jaipur,Sez Total,"SEZ(E1-E2,SEZ-II)",(C)Semi-Finished,Gemstone (WIP),Gemstone,Gemstone Store,Zosite ,12983.39,12983.39104,-0.001036
116,Jul-19,Jaipur,Sez Total,"SEZ(E1-E2,SEZ-II)",(C)Semi-Finished,Gemstone (WIP),Gemstone,Gemstone Store,Zosite ,49.06,49.059985,1.50E-05
117,Jul-19,Jaipur,Sez Total,"SEZ(E1-E2,SEZ-II)",(C)Semi-Finished,Gemstone (WIP),Gemstone,Bagging,Zosite ,18624.41,18624.41428,-0.004276
118,Jul-19,Jaipur,Sez Total,"SEZ(E1-E2,SEZ-II)",(C)Semi-Finished,Gemstone (WIP),Gemstone,Gemstone Store,Zosite ,22770.08,22770.0804,-0.000402
119,Jul-19,Jaipur,Sez Total,"SEZ(E1-E2,SEZ-II)",(C)Semi-Finished,Gemstone (WIP),Gemstone,Gemstone Store,Zosite ,122070.34,122070.3363,0.003735
120,Jul-19,Jaipur,Sez Total,"SEZ(E1-E2,SEZ-II)",(C)Semi-Finished,Gemstone (WIP),Gemstone,LC-UK-GERMANY Model Stone Store,Zosite ,396.9,396.903645,-0.003645
121,Jul-19,Jaipur,Sez Total,"SEZ(E1-E2,SEZ-II)",(C)Semi-Finished,Gemstone (WIP),Gemstone,Gemstone Store,Zosite ,8789.59,8391.33903,398.2509704
122,Jul-19,Jaipur,Sez Total,"SEZ(E1-E2,SEZ-II)",(C)Semi-Finished,Gemstone (WIP),Gemstone,Gemstone Store,Zosite ,2560.12,2560.12344,-0.00344
123,Jul-19,Jaipur,Sez Total,"SEZ(E1-E2,SEZ-II)",(C)Semi-Finished,Gemstone (WIP),Gemstone,Bagging,Zosite ,901.4,882.402213,18.99778699
124,Jul-19,Jaipur,Sez Total,"SEZ(E1-E2,SEZ-II)",(C)Semi-Finished,Gemstone (WIP),Gemstone,Gemstone Store,Zosite ,12221.44,10647.72645,1573.713553
125,Jul-19,Jaipur,Sez Total,"SEZ(E1-E2,SEZ-II)",(C)Semi-Finished,Gemstone (WIP),Gemstone,Gemstone Store,Zosite ,21176.84,21176.8374,0.0026
126,Jul-19,Jaipur,Sez Total,"SEZ(E1-E2,SEZ-II)",(C)Semi-Finished,Gemstone (WIP),Gemstone,Bagging,Zosite ,37166.3,26890.24967,10276.05033
127,Jul-19,Jaipur,Sez Total,"SEZ(E1-E2,SEZ-II)",(C)Semi-Finished,Gemstone (WIP),Gemstone,Bagging Production Return,Zosite ,25.02,19.59645071,5.423549285
128,Jul-19,Jaipur,Sez Total,"SEZ(E1-E2,SEZ-II)",(C)Semi-Finished,Gemstone (WIP),Gemstone,Bagging Changing,Zosite ,2457.71,1740.164823,717.5451766
129,Jul-19,Jaipur,Sez Total,"SEZ(E1-E2,SEZ-II)",(C)Semi-Finished,Gemstone (WIP),Gemstone,Gemstone Store,Zosite ,37042.71,20742.80349,16299.90651
130,Jul-19,Jaipur,Sez Total,"SEZ(E1-E2,SEZ-II)",(C)Semi-Finished,Gemstone (WIP),Gemstone,Gemstone Store,Zosite ,1546.1,1546.100892,-0.000892
131,Jul-19,Jaipur,Sez Total,"SEZ(E1-E2,SEZ-II)",(C)Semi-Finished,Gemstone (WIP),Gemstone,Bagging,Zosite ,37873.54,30464.6392,7408.900798
132,Jul-19,Jaipur,Sez Total,"SEZ(E1-E2,SEZ-II)",(C)Semi-Finished,Gemstone (WIP),Gemstone,Gemstone Store,Zosite ,45.4,45.400004,-4.00E-06
133,Jul-19,Jaipur,Sez Total,"SEZ(E1-E2,SEZ-II)",(C)Semi-Finished,Gemstone (WIP),Gemstone,Handmade Store,Zosite ,1979.2,1705.728915,273.4710852
134,Jul-19,Jaipur,Sez Total,"SEZ(E1-E2,SEZ-II)",(C)Semi-Finished,Gemstone (WIP),Gemstone,Gemstone Store,Zosite ,5918.57,4238.234668,1680.335332
135,Jul-19,Jaipur,Sez Total,"SEZ(E1-E2,SEZ-II)",(C)Semi-Finished,Gemstone (WIP),Gemstone,Bagging Changing,Zosite ,2401.34,1876.301806,525.0381937
136,Jul-19,Jaipur,Sez Total,"SEZ(E1-E2,SEZ-II)",(C)Semi-Finished,Gemstone (WIP),Gemstone,Gemstone Store,Zosite ,2185.4,1823.391544,362.0084561
137,Jul-19,Jaipur,Sez Total,"SEZ(E1-E2,SEZ-II)",(C)Semi-Finished,Gemstone (WIP),Gemstone,Gemstone Store,Zosite ,2009.25,1186.348669,822.9013306
138,Jul-19,Jaipur,Sez Total,"SEZ(E1-E2,SEZ-II)",(C)Semi-Finished,Gemstone (WIP),Gemstone,Gemstone Store,Zosite ,200.16,200.15991,9.00E-05
139,Jul-19,Jaipur,Sez Total,"SEZ(E1-E2,SEZ-II)",(C)Semi-Finished,Gemstone (WIP),Gemstone,Bagging Changing,Zosite ,3990.06,3682.984055,307.0759446
140,Jul-19,Jaipur,Sez Total,"SEZ(E1-E2,SEZ-II)",(C)Semi-Finished,Gemstone (WIP),Gemstone,Gemstone Store,Zosite ,23389.26,20769.72821,2619.531792
141,Jul-19,Jaipur,Sez Total,"SEZ(E1-E2,SEZ-II)",(C)Semi-Finished,Gemstone (WIP),Gemstone,Gemstone Store,Zosite ,7325.78,7325.779068,0.000932
142,Jul-19,Jaipur,Sez Total,"SEZ(E1-E2,SEZ-II)",(C)Semi-Finished,Gemstone (WIP),Gemstone,Gemstone Store,Zosite ,120.86,120.860038,-3.80E-05
143,Jul-19,Jaipur,Sez Total,"SEZ(E1-E2,SEZ-II)",(C)Semi-Finished,Gemstone (WIP),Gemstone,Bagging,Zosite ,46239.55,43444.73727,2794.812729
144,Jul-19,Jaipur,Sez Total,"SEZ(E1-E2,SEZ-II)",(C)Semi-Finished,Gemstone (WIP),Gemstone,Gemstone Store,Zosite ,1740.55,987.5152492,753.0347508
145,Jul-19,Jaipur,Sez Total,"SEZ(E1-E2,SEZ-II)",(C)Semi-Finished,Gemstone (WIP),Gemstone,Gemstone Store,Zosite ,231.73,231.730125,-0.000125
146,Jul-19,Jaipur,Sez Total,"SEZ(E1-E2,SEZ-II)",(C)Semi-Finished,Gemstone (WIP),Gemstone,Bagging,Zosite ,30356.81,27594.04613,2762.76387
147,Jul-19,Jaipur,Sez Total,"SEZ(E1-E2,SEZ-II)",(C)Semi-Finished,Gemstone (WIP),Gemstone,Gemstone Store,Zosite ,54676.08,54623.7981,52.28189592
148,Jul-19,Jaipur,Sez Total,"SEZ(E1-E2,SEZ-II)",(C)Semi-Finished,Gemstone (WIP),Gemstone,Gemstone Store,Zosite ,58250.8,50148.94588,8101.854117
149,Jul-19,Jaipur,Sez Total,"SEZ(E1-E2,SEZ-II)",(C)Semi-Finished,Gemstone (WIP),Gemstone,Gemstone Store,Zosite ,68.59,68.590008,-8.00E-06
150,Jul-19,Jaipur,Sez Total,"SEZ(E1-E2,SEZ-II)",(C)Semi-Finished,Gemstone (WIP),Gemstone,Bagging Changing,Zosite ,933.98,933.979608,0.000392
151,Jul-19,Jaipur,Sez Total,"SEZ(E1-E2,SEZ-II)",(C)Semi-Finished,Gemstone (WIP),Gemstone,Bagging,Zosite ,39167.42,39167.41592,0.004083
152,Jul-19,Jaipur,Sez Total,"SEZ(E1-E2,SEZ-II)",(C)Semi-Finished,Gemstone (WIP),Gemstone,Gemstone Store,Zosite ,7656.48,7656.4818,-0.0018
153,Jul-19,Jaipur,Sez Total,"SEZ(E1-E2,SEZ-II)",(C)Semi-Finished,Gemstone (WIP),Gemstone,Gemstone Store,Zosite ,1454.86,1454.859954,4.60E-05
154,Jul-19,Jaipur,Sez Total,"SEZ(E1-E2,SEZ-II)",(C)Semi-Finished,Gemstone (WIP),Gemstone,Gemstone Store,Zosite ,103.36,85.71764315,17.64235685
155,Jul-19,Jaipur,Sez Total,"SEZ(E1-E2,SEZ-II)",(C)Semi-Finished,Gemstone (WIP),Gemstone,Bagging,Zosite ,17832.24,17832.23605,0.003947
156,Jul-19,Jaipur,Sez Total,"SEZ(E1-E2,SEZ-II)",(C)Semi-Finished,Gemstone (WIP),Gemstone,Bagging Changing,Zosite ,183.43,183.427967,0.002033
157,Jul-19,Jaipur,Sez Total,"SEZ(E1-E2,SEZ-II)",(C)Semi-Finished,Gemstone (WIP),Gemstone,Sample Stone Store,Zosite ,257.51,257.508867,0.001133
158,Jul-19,Jaipur,Sez Total,"SEZ(E1-E2,SEZ-II)",(C)Semi-Finished,Gemstone (WIP),Gemstone,Bagging,Zosite ,1141.57,1141.565336,0.004664
159,Jul-19,Jaipur,Sez Total,"SEZ(E1-E2,SEZ-II)",(C)Semi-Finished,Gemstone (WIP),Gemstone,Gemstone Store,Zosite ,31756.01,31756.01436,-0.00436
160,Jul-19,Jaipur,Sez Total,"SEZ(E1-E2,SEZ-II)",(C)Semi-Finished,Gemstone (WIP),Gemstone,Bagging Changing,Zosite ,1118.8,1118.80116,-0.00116
161,Jul-19,Jaipur,Sez Total,"SEZ(E1-E2,SEZ-II)",(C)Semi-Finished,Gemstone (WIP),Gemstone,Gemstone Store,Zosite ,13858.6,13858.6,0
162,Jul-19,Jaipur,Sez Total,"SEZ(E1-E2,SEZ-II)",(C)Semi-Finished,Gemstone (WIP),Gemstone,Sample Stone Store,Zosite ,581.87,552.3764853,29.49351468
163,Jul-19,Jaipur,Sez Total,"SEZ(E1-E2,SEZ-II)",(C)Semi-Finished,Gemstone (WIP),Gemstone,Gemstone Store,Zosite ,2373.53,2373.530004,-4.00E-06
164,Jul-19,Jaipur,Sez Total,"SEZ(E1-E2,SEZ-II)",(C)Semi-Finished,Gemstone (WIP),Gemstone,Gemstone Store,Zosite ,53560.8,45184.05461,8376.745386
165,Jul-19,Jaipur,Sez Total,"SEZ(E1-E2,SEZ-II)",(C)Semi-Finished,Gemstone (WIP),Gemstone,Sample Stone Store,Zosite ,1021.15,1021.1509,-0.0009
166,Jul-19,Jaipur,Sez Total,"SEZ(E1-E2,SEZ-II)",(C)Semi-Finished,Gemstone (WIP),Gemstone,Gemstone Store,Zosite ,919.17,919.171878,-0.001878
167,Jul-19,Jaipur,Sez Total,"SEZ(E1-E2,SEZ-II)",(C)Semi-Finished,Gemstone (WIP),Gemstone,Sample Stone Store,Zosite ,3123.9,2904.854769,219.0452306
168,Jul-19,Jaipur,Sez Total,"SEZ(E1-E2,SEZ-II)",(C)Semi-Finished,Gemstone (WIP),Gemstone,Gemstone Store,Zosite ,9045.8,6902.269658,2143.530342
169,Jul-19,Jaipur,Sez Total,"SEZ(E1-E2,SEZ-II)",(C)Semi-Finished,Gemstone (WIP),Gemstone,Gemstone Store,Zosite ,19657.88,1864.518051,17793.36195
170,Jul-19,Jaipur,Sez Total,"SEZ(E1-E2,SEZ-II)",(C)Semi-Finished,Gemstone (WIP),Gemstone,Gemstone Store,Zosite ,215472.96,204699.6,10773.36
171,Jul-19,Jaipur,Sez Total,"SEZ(E1-E2,SEZ-II)",(C)Semi-Finished,Gemstone (WIP),Gemstone,Bagging,Zosite ,12066.9,12066.89843,0.001572
172,Jul-19,Jaipur,Sez Total,"SEZ(E1-E2,SEZ-II)",(C)Semi-Finished,Gemstone (WIP),Gemstone,Bagging Changing,Zosite ,1690.1,1690.097712,0.002288
173,Jul-19,Jaipur,Sez Total,"SEZ(E1-E2,SEZ-II)",(C)Semi-Finished,Gemstone (WIP),Gemstone,Bagging,Zosite ,653.69,653.691105,-0.001105
174,Jul-19,Jaipur,Sez Total,"SEZ(E1-E2,SEZ-II)",(C)Semi-Finished,Gemstone (WIP),Gemstone,Gemstone Store,Zosite ,2100.62,2100.617712,0.002288
175,Jul-19,Jaipur,Sez Total,"SEZ(E1-E2,SEZ-II)",(C)Semi-Finished,Gemstone (WIP),Gemstone,LC-UK-GERMANY Model Stone Store,Zosite ,184.98,184.984734,-0.004734
176,Jul-19,Jaipur,Sez Total,"SEZ(E1-E2,SEZ-II)",(C)Semi-Finished,Gemstone (WIP),Gemstone,Gemstone Store,Zosite ,23263.84,17272.16407,5991.675933
177,Jul-19,Jaipur,Sez Total,"SEZ(E1-E2,SEZ-II)",(C)Semi-Finished,Gemstone (WIP),Gemstone,IDC Model Stone Store,Zosite ,26.88,26.8763,0.0037
178,Jul-19,Jaipur,Sez Total,"SEZ(E1-E2,SEZ-II)",(C)Semi-Finished,Gemstone (WIP),Gemstone,Gemstone Store,Zosite ,3452.39,3452.389908,9.20E-05
179,Jul-19,Jaipur,Sez Total,"SEZ(E1-E2,SEZ-II)",(C)Semi-Finished,Gemstone (WIP),Gemstone,Gemstone Store,Zosite ,11090.1,11090.096,0.004
180,Jul-19,Jaipur,Sez Total,"SEZ(E1-E2,SEZ-II)",(C)Semi-Finished,Gemstone (WIP),Gemstone,Gemstone Store,Zosite ,26.26,26.259982,1.80E-05
181,Jul-19,Jaipur,Sez Total,"SEZ(E1-E2,SEZ-II)",(C)Semi-Finished,Gemstone (WIP),Gemstone,Gemstone Store,Zosite ,87.39,87.389995,5.00E-06
182,Jul-19,Jaipur,Sez Total,"SEZ(E1-E2,SEZ-II)",(C)Semi-Finished,Gemstone (WIP),Gemstone,Gemstone Store,Zosite ,660.71,660.705282,0.004718
183,Jul-19,Jaipur,Sez Total,"SEZ(E1-E2,SEZ-II)",(C)Semi-Finished,Gemstone (WIP),Gemstone,Sample Stone Store,Zosite ,185.17,185.172246,-0.002246
184,Jul-19,Jaipur,Sez Total,"SEZ(E1-E2,SEZ-II)",(C)Semi-Finished,Gemstone (WIP),Gemstone,Sample Stone Store,Zosite ,84.59,58.58375359,26.00624641
185,Jul-19,Jaipur,Sez Total,"SEZ(E1-E2,SEZ-II)",(C)Semi-Finished,Gemstone (WIP),Gemstone,Gemstone Store,Zosite ,13783.18,9524.366401,4258.813599
186,Jul-19,Jaipur,Sez Total,"SEZ(E1-E2,SEZ-II)",(C)Semi-Finished,Gemstone (WIP),Gemstone,Gemstone Store,Zosite ,255.45,144.0320707,111.4179293
187,Jul-19,Jaipur,Sez Total,"SEZ(E1-E2,SEZ-II)",(C)Semi-Finished,Gemstone (WIP),Gemstone,Gemstone Store,Zosite ,264.76,264.759794,0.000206
188,Jul-19,Jaipur,Sez Total,"SEZ(E1-E2,SEZ-II)",(C)Semi-Finished,Gemstone (WIP),Gemstone,Gemstone Store,Zosite ,5.58,5.579636,0.000364
189,Jul-19,Jaipur,Sez Total,"SEZ(E1-E2,SEZ-II)",(C)Semi-Finished,Gemstone (WIP),Gemstone,Bagging Changing,Zosite ,14095.34,14095.34118,-0.001183
190,Jul-19,Jaipur,Sez Total,"SEZ(E1-E2,SEZ-II)",(C)Semi-Finished,Gemstone (WIP),Gemstone,Gemstone Store,Zosite ,1034.97,873.3900414,161.5799586
191,Jul-19,Jaipur,Sez Total,"SEZ(E1-E2,SEZ-II)",(C)Semi-Finished,Gemstone (WIP),Gemstone,Gemstone Store,Zosite ,4983.4,4983.399968,3.20E-05
192,Jul-19,Jaipur,Sez Total,"SEZ(E1-E2,SEZ-II)",(C)Semi-Finished,Gemstone (WIP),Gemstone,Gemstone Store,Zosite ,146.02,146.019986,1.40E-05
193,Jul-19,Jaipur,Sez Total,"SEZ(E1-E2,SEZ-II)",(C)Semi-Finished,Gemstone (WIP),Gemstone,Gemstone Store,Zosite ,48.2,48.200022,-2.20E-05
194,Jul-19,Jaipur,Sez Total,"SEZ(E1-E2,SEZ-II)",(C)Semi-Finished,Gemstone (WIP),Gemstone,Sample Stone Store,Zosite ,81.49,81.490131,-0.000131
195,Jul-19,Jaipur,Sez Total,"SEZ(E1-E2,SEZ-II)",(C)Semi-Finished,Gemstone (WIP),Gemstone,Gemstone Store,Zosite ,43279.1,43279.09993,7.10E-05
196,Jul-19,Jaipur,Sez Total,"SEZ(E1-E2,SEZ-II)",(C)Semi-Finished,Gemstone (WIP),Gemstone,Bagging Changing,Zosite ,2120.58,2120.583096,-0.003096
197,Jul-19,Jaipur,Sez Total,"SEZ(E1-E2,SEZ-II)",(C)Semi-Finished,Gemstone (WIP),Gemstone,Gemstone Store,Zosite ,448.77,425.0483444,23.72165563
198,Jul-19,Jaipur,Sez Total,"SEZ(E1-E2,SEZ-II)",(C)Semi-Finished,Gemstone (WIP),Gemstone,IDC Model Stone Store,Zosite ,6454.25,6454.2478,0.0022
199,Jul-19,Jaipur,Sez Total,"SEZ(E1-E2,SEZ-II)",(C)Semi-Finished,Gemstone (WIP),Gemstone,Gemstone Store,Zosite ,4868.64,4868.636,0.004
200,Jul-19,Jaipur,Sez Total,"SEZ(E1-E2,SEZ-II)",(C)Semi-Finished,Gemstone (WIP),Gemstone,Gemstone Store,Zosite ,60.05,60.04998,2.00E-05
201,Jul-19,Jaipur,Sez Total,"SEZ(E1-E2,SEZ-II)",(C)Semi-Finished,Gemstone (WIP),Gemstone,Gemstone Store,Zosite ,562.9,562.9,0
